AssignmentID,CourseID,Title,DueDate
A100,C105,Meeting event strong.,2025-06-02
A101,C106,Lead certain course.,2025-06-02
A102,C109,Second carry attorney significant take.,2025-06-02
A103,C106,Environment able rise study.,2025-06-02
A104,C108,Tend land machine forward.,2025-06-02
A105,C108,Lay focus country recently.,2025-06-02
A106,C104,Do simply analysis seat.,2025-06-02
A107,C109,Write society present charge.,2025-06-02
A108,C105,Maybe opportunity thank.,2025-06-02
A109,C101,Moment lead.,2025-06-02
A110,C104,That wide avoid sit.,2025-06-02
A111,C100,Perhaps however bag forget.,2025-06-02
A112,C109,West phone thought maintain.,2025-06-02
A113,C106,Pay doctor.,2025-06-02
A114,C105,Section its better.,2025-06-02
A115,C108,Kitchen really.,2025-06-02
A116,C104,Food argue.,2025-06-02
A117,C102,Issue each include radio.,2025-06-02
A118,C102,Company participant him.,2025-06-02
A119,C104,Tree central leave effect.,2025-06-02
A120,C102,Together let.,2025-06-02
A121,C109,Citizen kid generation onto police.,2025-06-02
A122,C101,Lead few yourself.,2025-06-02
A123,C102,Down occur.,2025-06-02
A124,C104,Yeah far within,2025-06-02
A125,C100,Ever not rate seat,2025-06-02
A126,C109,Seat strategy total simply discover.,2025-06-02
A127,C102,Pm per question.,2025-06-03
A128,C100,Pick tough position.,2025-06-02
A129,C100,Almost half capital travel.,2025-06-02
A130,C107,Compare car much will.,2025-06-02
A131,C108,Tree store either station.,2025-06-02
A132,C109,Second full boy.,2025-06-02
A133,C102,Senior difficult put.,2025-06-02
A134,C101,Hand so add Mr lawyer.,2025-06-02
A135,C101,Herself police he push likely.,2025-06-02
A136,C108,Foreign particular positive play less.,2025-06-02
A137,C107,Bring animal also you.,2025-06-02
A138,C104,Doctor Mr.,2025-06-02
A139,C103,He we recent music.,2025-06-02
A140,C106,Those pressure street.,2025-06-02
A141,C106,Voice evidence real describe.,2025-06-02
A142,C108,Talk between rate.,2025-06-02
A143,C100,Art every why we.,2025-06-02
A144,C106,Production politics.,2025-06-02
A145,C106,Anything four.,2025-06-02
A146,C100,Day stop never only spend.,2025-06-02
A147,C103,Similar small other everyone.,2025-06-02
A148,C109,Music sometimes body.,2025-06-02
A149,C106,Address so draw.,2025-06-02
A136,C108,Foreign particular positive play less.,2025-06-02
A109,C101,Moment lead.,2025-06-02
