CourseID,CourseName,Instructor,Semester
C100,Organic even-keeled contingency,Jessica Olsen DVM,Summer 2025
C101,Phased grid-enabled installation,Michael Hodge,Fall 2024
C102,Managed incremental solution,Matthew Morales DDS,Spring 2025
C103,Automated logistical array,Frank Cordova,Fall 2024
C104,Open-architected multimedia ability,Kimberly Gutierrez,Fall 2024
C105,Ergonomic multi-state hierarchy,Kathleen Ramos,Spring 2025
C106,Business-focused demand-driven flexibility,Tanya Kim,Summer 2025
C107,Total mobile capability,Mark Lloyd,Fall 2024
C108,Triple-buffered cohesive function,Kristen Davis,Summer 2025
C109,Customizable maximized capability,Brittany Cantu,Fall 2024
