StudentID,Name,Email,EnrollmentDate
S1000,Allison Hill ,donaldgarcia@example.net,2025-04-25
S1001,Leslie Johnson,robinsonwilliam@example.org,2024-08-11
S1002,Matthew Gardner,,2025-01-12
S1003,Melissa Peterson,jasongallagher@example.org,2023-08-14
S1004,Ian Cooper,lindsay78@example.org,2025-05-19
S1005,Juan Calderon,barbara10@example.net,2023-11-27
S1006,Victoria Wyatt,jamesshawn@example.com,2023-10-07
S1007,Daniel Adams,lynchgeorge@example.net,2023-12-10
S1008,James Mayo,gabriellecameron@example.org,2023-11-27
S1009,Renee Morales,clarksherri@example.net,2024-02-02
S1010,Jonathan Wilkerson ,ithomas@example.org,2025-01-01
S1011,Deborah Richards,icox@example.net,2024-06-20
S1012,Anthony Rodriguez,laurahenderson@example.org,2024-03-27
S1013,Zachary Rice,frazierdanny@example.net,2025-01-06
S1014,Martin Rodriguez,amoore@example.net,2025-04-13
S1015,Valerie Gill,harrellkenneth@example.net,2024-07-01
S1016,Brittany Farmer,georgetracy@example.org,2025-05-24
S1017,William Roman,brianhumphrey@example.org,2023-08-08
S1018,Rose Spence,davidalvarez@example.net,2023-10-09
S1019,Shane Henderson,sarahcampos@example.net,2023-11-06
S1020,Jennifer Powers,samuel87@example.org,2023-12-12
S1021,George Chapman,briannasmith@example.net,2024-10-05
S1022,Austin Johnson,chad34@example.net,2024-06-14
S1023,Carlos Walls,esanchez@example.com,2023-10-28
S1024,Matthew Gomez,uowens@example.org,2024-11-07
S1025,Maria Brown,lauren13@example.org,2023-10-28
S1026,Brenda White,ewright@example.com,2025-02-19
S1027,Krista Williams,novaksara@example.org,2023-10-10
S1028,John Hancock,martinaaron@example.com,2023-12-25
S1029,Rachel Mitchell,smoore@example.org,2023-07-18
S1030,Kimberly Adkins,williamsthomas@example.net,2023-10-03
S1031,Jordan York,larsonemma@example.org,2024-04-11
S1032,Steve Sanchez,harveyrobert@example.net,2024-08-15
S1033,Taylor Harris,,2024-10-16
S1034,Eugene Walton,smithchristine@example.net,2023-08-19
S1035,Daniel Baker,nicole35@example.com,2023-10-03
S1036,Joshua Turner,contrerasangela@example.net,2023-08-22
S1037,Brandy Wilson,newtoneric@example.com,2024-09-14
S1038,Grant Watts,william40@example.org,2024-10-07
S1039,Donald Smith,danagreen@example.net,2024-05-11
S1040,Jessica Smith,landryhannah@example.org,2024-07-30
S1041,Jacob Tran,tanderson@example.com,2025-05-01
S1042,Valerie Williams,jason31@example.com,2025-01-28
S1043,Shelly Dickson,sarayoung@example.org,2025-02-13
S1044,Sierra Johnson,kimberly63@example.com,2023-10-04
S1045,Ashley Brennan,dwalker@example.com,2024-01-26
S1046,Shelby Walker,raymondramirez@example.org,
S1047,Martin Ross,sheila14@example.org,2024-08-26
S1048,Deborah Rodriguez,yreed@example.com,2024-05-06
S1049,Kayla Cruz,jonathanfletcher@example.org,2024-07-10
S1050,Kimberly Ball,michaeljones@example.net,2025-05-18
S1051,Erik Charles,william65@example.com,2024-11-25
S1052,Cameron Fisher,lbyrd@example.net,2024-08-18
S1053,Joshua Smith,jason99@example.net,2024-02-08
S1054,Jeremy Lewis,yleon@example.net,2023-10-12
S1055,Diane Beck,clarence34@example.org,2025-02-18
S1056,Alexander Sanchez,xcarr@example.org,2024-05-21
S1057,Mark Lee,psnyder@example.org,2024-10-24
S1058,Stephanie Dalton,osbornejeffery@example.net,2024-07-09
S1059,Justin Lowery,bryantlaurie@example.net,2024-07-19
S1060,Linda Dodson DVM,jrivas@example.com,2025-04-29
S1061,Scott Cole,maryramirez@example.net,2024-06-13
S1062,Denise Jones,jimmy55@example.net,2023-08-04
S1063,David Benson,calebrussell@example.net,2024-05-29
S1064,Daniel Fisher,gateskathy@example.com,2024-06-07
S1065,Guy Molina,vmedina@example.net,2025-02-13
S1066,Connie Robinson,ytucker@example.com,2024-11-03
S1067,Jennifer Martin,ncalhoun@example.net,
S1068,Leslie Alvarado,dayderek@example.com,2023-10-22
S1069,James Lewis,matthew64@example.com,2023-12-15
S1070,Julie Curry,cookemichael@example.net,2023-07-26
S1071,Marissa Webster ,jamessmith@example.org,2023-12-05
S1072,Michael Elliott,stevenscott@example.com,2023-10-11
S1073,Tracey Higgins,tamirodriguez@example.org,2025-05-24
S1074,Michael Rubio,mdavid@example.org,2024-09-04
S1075,Lori Garcia,melissa91@example.net,2025-01-30
S1076,Joseph Stanley,huntermatthew@example.com,2025-03-02
S1077,Jeffrey Cox PhD,bzimmerman@example.org,2024-12-23
S1078,Marie Gilbert,umarshall@example.net,2023-12-28
S1079,David Michael,nicole37@example.net,2024-09-19
S1080,Gabrielle Snyder,hunter35@example.com,2024-02-22
S1081,Kyle Beard,blackjames@example.org,2024-12-13
S1082,Justin Allen,fbrewer@example.com,2025-02-07
S1083,Edward Sullivan,kevinperkins@example.com,2024-08-05
S1084,Jessica Reese,michael74@example.com,2023-12-15
S1085,Nathan Stewart,jamesrodgers@example.com,2024-12-16
S1086,Paige Carlson,wallkenneth@example.com,2023-10-20
S1087,Michael Martinez,mccannangela@example.net,2023-09-09
S1088,Nicole Garcia,andrewstaylor@example.com,2024-02-22
S1089,Anthony Everett,ewilson@example.com,2024-06-18
S1090,Mark Brown,lisaavery@example.org,2023-12-12
S1091,Phillip Obrien,kimberlyjames@example.com,2024-01-19
S1092,Wanda Torres,lynchjody@example.org,2024-09-30
S1093,Matthew Moore,andreamoore@example.com,2024-05-17
S1094,Julie Johnson,jasmine71@example.net,2023-12-01
S1095,Rachel Weber,ronaldstephens@example.net,2023-09-26
S1096,Samantha Jones ,lauralarson@example.net,2025-05-18
S1097,Caleb Barker,gbender@example.net,2024-06-20
S1098,Kyle Preston,cassandra01@example.org,2024-11-07
S1099,Laura Sampson,barbara27@example.net,2024-10-21
S1062,Denise Jones,jimmy55@example.net,2023-08-04
S1020,Jennifer Powers,samuel87@example.org,2023-12-12
S1018,Rose Spence,davidalvarez@example.net,2023-10-09
S1079,David Michael,nicole37@example.net,2024-09-19
S1035,Daniel Baker,nicole35@example.com,2023-10-03
